deviceId;deviceName;Dictionary;Load;Count;Sort;Config;Reshape;Build;TreeMemory;TreeLevels;Depth;TreeMemoryUniqueOnly;ChildrenMemory;ChildrenCountsMemory;ScanMemory;PreScanMemory;PermuationMemory;LengthsMemory;MasksPartsMemory;ContainerSumMemory;ContainerItemsMemory;ContainerStartsMemory;ContainerLengthsMemory;Find;Match;RandomCount;RandomMatch;RandomSort;RandomSortedMatch;HitRate;
0;GeForceGTX980;.\..\..\data\ip\data-raw-table_tokyo_012016.txt;7.093952;576846;3.847808;{22, 1, 9};2.411072;18.119295;26555408;{1,17394,33779,};3;19633256;16916384;12;12;12;2307384;2307384;2307384;2716836;2307384;204732;204720;708.138367;29.562304;100000;437.912567;2.813056;427.239380;0.000629;
0;GeForceGTX980;.\..\..\data\ip\data-raw-table_tokyo_012016.txt;7.093952;576846;3.847808;{21, 2, 1, 8};2.378432;20.361055;18391728;{1,9187,33779,1559,};4;11469576;8805856;16;16;16;2307384;2307384;2307384;2663672;2307384;178152;178136;321.720428;0.762592;100000;282.659149;3.481312;282.816254;0.000629;
0;GeForceGTX980;.\..\..\data\ip\data-raw-table_tokyo_012016.txt;7.093952;576846;3.847808;{20, 2, 1, 1, 8};2.282656;20.450464;14377152;{1,5078,17394,33779,1559,};5;7455000;4684968;20;20;20;2307384;2307384;2307384;2769972;2307384;231304;231284;181.030594;1.351552;100000;196.168259;4.573216;193.339325;0.000628;
0;GeForceGTX980;.\..\..\data\ip\data-raw-table_tokyo_012016.txt;7.093952;576846;3.847808;{20, 1, 1, 1, 1, 8};2.248928;22.443392;14483560;{1,5078,9187,17394,33779,1559,};6;7561408;4717848;24;24;24;2307384;2307384;2307384;2843488;2307384;268064;268040;181.345596;0.980288;100000;195.837479;5.028256;195.246918;0.000624;
0;GeForceGTX980;.\..\..\data\ip\data-raw-table_tokyo_012016.txt;7.093952;576846;3.847808;{1, 1, 1, 1, 1, 1, 1, 1, 1, 1, 1, 1, 1, 1, 1, 1, 1, 1, 1, 1, 1, 1, 1, 1, 1, 1, 1, 1, 1, 1, 1, 1};2.887744;79.047615;10473712;{1,2,4,8,14,25,32,38,41,52,70,107,166,260,407,631,945,1320,1931,3001,5078,9187,17394,33779,1559,1017,442,63,46,30,21,21,};32;3551560;621616;128;128;128;2307384;2307384;2307384;2929560;2307384;311152;311024;8.596704;2.038432;100000;0.734656;24.841440;0.574400;0.000688;
