deviceId;deviceName;Dictionary;Load;Count;Sort;Config;Reshape;Build;TreeMemory;TreeLevels;Depth;TreeMemoryUniqueOnly;ChildrenMemory;ChildrenCountsMemory;ScanMemory;PreScanMemory;PermuationMemory;LengthsMemory;MasksPartsMemory;ContainerSumMemory;ContainerItemsMemory;ContainerStartsMemory;ContainerLengthsMemory;Find;Match;RandomCount;RandomMatch;RandomSort;RandomSortedMatch;HitRate;
0;GeForceGTX980;.\..\..\data\ip\data-raw-table_tokyo_012016.txt;7.605344;576846;3.906432;{22, 1, 9};2.375104;17.445024;26555408;{1,17394,33779,};3;19633256;16916384;12;12;12;2307384;2307384;2307384;2716836;2307384;204732;204720;708.009155;29.339745;100000;439.330902;3.091712;430.635254;0.000629;
0;GeForceGTX980;.\..\..\data\ip\data-raw-table_tokyo_012016.txt;7.605344;576846;3.906432;{21, 2, 1, 8};2.283904;19.028511;18391728;{1,9187,33779,1559,};4;11469576;8805856;16;16;16;2307384;2307384;2307384;2663672;2307384;178152;178136;322.459534;0.778592;100000;287.951111;3.853376;290.791809;0.000629;
0;GeForceGTX980;.\..\..\data\ip\data-raw-table_tokyo_012016.txt;7.605344;576846;3.906432;{20, 2, 1, 1, 8};2.319232;20.747681;14377152;{1,5078,17394,33779,1559,};5;7455000;4684968;20;20;20;2307384;2307384;2307384;2769972;2307384;231304;231284;180.624359;0.811904;100000;193.729919;4.661152;193.782715;0.000628;
0;GeForceGTX980;.\..\..\data\ip\data-raw-table_tokyo_012016.txt;7.605344;576846;3.906432;{20, 1, 1, 1, 1, 8};2.305088;21.784704;14483560;{1,5078,9187,17394,33779,1559,};6;7561408;4717848;24;24;24;2307384;2307384;2307384;2843488;2307384;268064;268040;181.278503;0.854432;100000;195.372253;5.416544;195.150238;0.000624;
